Id,Marital,CarInsurance
1,not-married,0
2,married,0
3,not-married,1
4,not-married,1
5,married,0
6,not-married,1
7,not-married,1
8,not-married,0
9,married,0
10,married,0
11,not-married,0
12,married,1
13,married,1
14,not-married,0
15,not-married,1
16,not-married,1
17,not-married,0
18,married,1
19,married,1
20,married,1
21,married,0
22,married,1
23,not-married,0
24,married,1
25,married,1
26,married,0
27,married,0
28,not-married,1
29,married,0
30,married,0
31,married,1
32,not-married,0
33,not-married,1
34,not-married,0
35,not-married,0
36,married,0
37,married,0
38,married,0
39,not-married,1
40,married,0
41,married,0
42,married,0
43,not-married,1
44,married,1
45,married,0
46,not-married,0
47,not-married,1
48,not-married,1
49,not-married,0
50,not-married,0
51,not-married,0
52,married,0
53,married,1
54,married,1
55,married,0
56,married,1
57,married,0
58,not-married,0
59,not-married,1
60,married,0
61,not-married,0
62,married,1
63,not-married,1
64,married,0
65,not-married,1
66,married,1
67,not-married,0
68,married,0
69,married,1
70,married,0
71,married,1
72,married,0
73,not-married,0
74,married,0
75,not-married,0
76,not-married,1
77,married,0
78,married,0
79,not-married,0
80,not-married,0
81,not-married,1
82,married,0
83,married,1
84,not-married,0
85,married,1
86,not-married,0
87,married,0
88,married,1
89,not-married,0
90,not-married,1
91,married,1
92,not-married,0
93,not-married,0
94,not-married,0
95,married,0
96,married,0
97,not-married,0
98,not-married,1
99,married,0
100,not-married,0
101,married,0
102,married,1
103,married,1
104,married,1
105,married,0
106,married,1
107,married,0
108,married,0
109,married,1
110,not-married,0
111,married,1
112,married,1
113,not-married,0
114,married,0
115,married,0
116,married,1
117,married,1
118,married,1
119,married,1
120,married,0
121,not-married,1
122,not-married,1
123,married,1
124,married,1
125,married,1
126,not-married,0
127,not-married,1
128,married,1
129,not-married,1
130,married,0
131,married,0
132,married,1
133,married,0
134,not-married,0
135,married,0
136,married,1
137,not-married,1
138,not-married,1
139,not-married,0
140,married,0
141,married,0
142,not-married,0
143,married,0
144,not-married,0
145,married,1
146,not-married,1
147,not-married,1
148,not-married,0
149,married,0
150,not-married,0
151,not-married,1
152,not-married,1
153,not-married,0
154,married,1
155,not-married,1
156,married,1
157,married,0
158,married,0
159,not-married,0
160,not-married,1
161,married,1
162,married,0
163,married,0
164,not-married,1
165,married,0
166,not-married,1
167,not-married,0
168,married,1
169,not-married,1
170,married,0
171,not-married,0
172,married,0
173,not-married,1
174,married,1
175,not-married,0
176,not-married,0
177,not-married,1
178,married,0
179,not-married,1
180,married,1
181,married,0
182,married,0
183,married,1
184,not-married,1
185,married,1
186,not-married,1
187,married,0
188,not-married,1
189,not-married,0
190,married,1
191,not-married,0
192,not-married,0
193,not-married,0
194,married,0
195,not-married,1
196,married,1
197,married,0
198,not-married,0
199,married,1
200,married,0
201,married,1
202,married,0
203,not-married,1
204,married,0
205,married,0
206,not-married,0
207,not-married,1
208,married,0
209,married,1
210,married,1
211,married,0
212,not-married,1
213,married,0
214,married,1
215,not-married,1
216,not-married,1
217,not-married,0
218,married,0
219,married,1
220,not-married,0
221,married,1
222,married,1
223,married,0
224,married,0
225,married,0
226,married,0
227,not-married,1
228,not-married,0
229,not-married,1
230,not-married,0
231,not-married,1
232,married,0
233,not-married,1
234,married,0
235,not-married,1
236,married,0
237,married,0
238,married,0
239,married,0
240,not-married,1
241,married,0
242,married,0
243,married,0
244,married,1
245,married,1
246,married,0
247,married,1
248,not-married,0
249,married,0
250,not-married,1
251,not-married,0
252,married,1
253,married,1
254,not-married,0
255,married,0
256,not-married,1
257,not-married,0
258,married,0
259,married,1
260,not-married,0
261,married,0
262,married,0
263,married,1
264,married,1
265,married,1
266,married,0
267,married,0
268,married,0
269,married,1
270,married,1
271,married,0
272,married,0
273,married,0
274,not-married,1
275,not-married,1
276,married,0
277,married,0
278,married,0
279,not-married,0
280,married,0
281,married,0
282,married,0
283,not-married,1
284,married,0
285,not-married,1
286,not-married,1
287,married,0
288,not-married,1
289,married,0
290,married,0
291,not-married,1
292,married,0
293,married,0
294,married,0
295,married,0
296,not-married,0
297,not-married,0
298,not-married,1
299,not-married,0
300,not-married,1
301,not-married,0
302,married,0
303,not-married,0
304,married,1
305,married,1
306,not-married,0
307,married,0
308,not-married,1
309,not-married,0
310,not-married,1
311,married,0
312,married,0
313,not-married,1
314,married,0
315,not-married,0
316,not-married,1
317,not-married,1
318,married,0
319,not-married,0
320,not-married,0
321,married,1
322,not-married,0
323,married,1
324,not-married,0
325,married,1
326,not-married,0
327,married,0
328,not-married,0
329,married,1
330,not-married,0
331,not-married,1
332,married,0
333,married,1
334,not-married,1
335,not-married,1
336,married,1
337,not-married,1
338,not-married,1
339,married,1
340,not-married,1
341,not-married,1
342,married,0
343,married,1
344,not-married,0
345,not-married,0
346,not-married,0
347,not-married,0
348,married,1
349,not-married,1
350,married,0
351,married,1
352,not-married,0
353,married,0
354,married,0
355,not-married,0
356,not-married,0
357,married,0
358,not-married,0
359,married,0
360,married,1
361,married,0
362,not-married,0
363,married,0
364,not-married,1
365,married,0
366,married,0
367,not-married,0
368,not-married,0
369,not-married,1
370,not-married,0
371,not-married,0
372,not-married,0
373,not-married,1
374,not-married,0
375,not-married,1
376,married,1
377,married,0
378,not-married,0
379,married,0
380,married,0
381,not-married,0
382,married,0
383,married,1
384,married,0
385,not-married,1
386,married,0
387,married,1
388,not-married,0
389,not-married,1
390,married,1
391,not-married,1
392,married,0
393,married,1
394,married,0
395,married,1
396,not-married,0
397,married,0
398,not-married,0
399,not-married,0
400,not-married,1
401,married,0
402,not-married,1
403,married,1
404,not-married,1
405,not-married,1
406,married,0
407,not-married,0
408,not-married,1
409,married,0
410,married,1
411,not-married,0
412,married,0
413,married,0
414,not-married,1
415,not-married,1
416,not-married,1
417,not-married,0
418,married,1
419,not-married,1
420,not-married,1
421,married,0
422,not-married,1
423,married,0
424,married,0
425,not-married,0
426,married,1
427,not-married,1
428,not-married,0
429,married,1
430,not-married,1
431,married,0
432,not-married,1
433,married,1
434,not-married,0
435,not-married,1
436,married,1
437,married,0
438,married,0
439,married,0
440,married,0
441,married,0
442,married,0
443,not-married,1
444,married,0
445,not-married,0
446,married,0
447,not-married,0
448,married,0
449,not-married,0
450,married,0
451,married,1
452,married,0
453,not-married,0
454,not-married,0
455,married,1
456,married,1
457,not-married,1
458,married,1
459,married,0
460,married,1
461,married,1
462,not-married,1
463,not-married,0
464,not-married,1
465,not-married,0
466,not-married,1
467,married,0
468,married,0
469,married,0
470,married,0
471,not-married,1
472,not-married,0
473,married,0
474,married,1
475,married,0
476,married,0
477,married,1
478,married,0
479,married,0
480,married,0
481,not-married,1
482,married,0
483,married,1
484,not-married,0
485,married,0
486,married,1
487,married,0
488,married,0
489,married,0
490,married,0
491,married,1
492,not-married,0
493,married,0
494,not-married,0
495,not-married,0
496,married,1
497,not-married,1
498,married,0
499,married,0
500,not-married,1
501,not-married,1
502,not-married,1
503,married,1
504,married,1
505,not-married,0
506,not-married,0
507,married,0
508,married,1
509,married,1
510,married,1
511,not-married,0
512,not-married,1
513,married,0
514,not-married,1
515,married,0
516,not-married,1
517,married,0
518,married,0
519,married,1
520,married,0
521,not-married,1
522,not-married,0
523,not-married,1
524,not-married,0
525,married,0
526,married,0
527,married,0
528,not-married,1
529,not-married,1
530,married,1
531,not-married,0
532,not-married,0
533,married,1
534,married,1
535,not-married,1
536,not-married,1
537,not-married,0
538,married,0
539,not-married,1
540,married,1
541,not-married,1
542,married,1
543,not-married,1
544,married,1
545,married,0
546,married,1
547,married,0
548,married,1
549,not-married,1
550,married,0
551,married,0
552,not-married,1
553,married,1
554,married,0
555,not-married,0
556,married,0
557,married,0
558,not-married,0
559,married,1
560,not-married,1
561,not-married,0
562,married,1
563,not-married,1
564,married,0
565,married,1
566,not-married,0
567,married,0
568,married,1
569,not-married,0
570,married,0
571,married,0
572,married,1
573,married,0
574,not-married,1
575,married,1
576,married,0
577,married,0
578,married,1
579,not-married,1
580,married,0
581,not-married,1
582,married,1
583,married,0
584,married,0
585,married,1
586,not-married,0
587,married,0
588,not-married,0
589,married,1
590,not-married,0
591,married,0
592,married,0
593,married,0
594,married,0
595,not-married,0
596,married,0
597,married,0
598,not-married,0
599,married,0
600,married,0
601,not-married,0
602,married,0
603,married,1
604,not-married,1
605,not-married,0
606,married,1
607,married,1
608,not-married,1
609,not-married,1
610,not-married,0
611,married,0
612,not-married,1
613,married,1
614,married,0
615,married,1
616,married,0
617,married,0
618,married,0
619,married,1
620,married,0
621,not-married,0
622,married,1
623,not-married,0
624,married,1
625,not-married,1
626,not-married,0
627,married,0
628,married,0
629,married,0
630,married,1
631,not-married,0
632,married,0
633,married,1
634,married,0
635,not-married,1
636,married,1
637,not-married,0
638,not-married,1
639,not-married,1
640,married,1
641,not-married,1
642,married,0
643,not-married,0
644,married,0
645,married,0
646,not-married,1
647,married,0
648,married,0
649,married,0
650,married,1
651,not-married,1
652,married,1
653,married,1
654,married,1
655,married,0
656,married,1
657,not-married,1
658,married,1
659,married,0
660,married,1
661,married,1
662,not-married,1
663,married,0
664,not-married,1
665,married,0
666,married,0
667,not-married,0
668,not-married,1
669,married,1
670,married,0
671,married,0
672,not-married,0
673,married,1
674,married,1
675,married,0
676,married,0
677,married,0
678,married,0
679,married,0
680,married,0
681,not-married,0
682,married,0
683,not-married,0
684,married,0
685,not-married,0
686,married,1
687,not-married,0
688,not-married,0
689,married,0
690,married,1
691,not-married,0
692,married,0
693,married,0
694,not-married,1
695,not-married,1
696,married,0
697,not-married,0
698,not-married,0
699,not-married,0
700,not-married,1
701,not-married,0
702,not-married,0
703,not-married,0
704,married,1
705,married,0
706,married,0
707,not-married,0
708,not-married,0
709,married,0
710,married,0
711,married,0
712,not-married,0
713,not-married,1
714,married,1
715,married,1
716,not-married,1
717,not-married,1
718,not-married,1
719,married,0
720,not-married,0
721,married,0
722,married,0
723,married,0
724,not-married,1
725,not-married,1
726,not-married,0
727,married,0
728,married,1
729,not-married,0
730,not-married,0
731,not-married,0
732,married,0
733,married,0
734,married,0
735,married,1
736,not-married,0
737,married,0
738,married,0
739,married,1
740,not-married,0
741,married,1
742,not-married,0
743,not-married,1
744,married,0
745,not-married,1
746,married,1
747,married,1
748,married,1
749,not-married,0
750,married,1
751,married,0
752,married,1
753,not-married,1
754,married,0
755,not-married,1
756,married,0
757,married,1
758,not-married,0
759,married,1
760,not-married,1
761,married,0
762,married,0
763,married,0
764,not-married,0
765,not-married,1
766,not-married,1
767,married,0
768,married,0
769,married,0
770,not-married,1
771,married,0
772,married,0
773,married,0
774,married,1
775,married,1
776,married,0
777,not-married,1
778,married,1
779,married,1
780,not-married,0
781,married,0
782,not-married,0
783,married,0
784,married,0
785,not-married,0
786,married,0
787,not-married,0
788,married,1
789,married,1
790,not-married,0
791,married,0
792,married,0
793,not-married,0
794,married,1
795,not-married,1
796,not-married,0
797,not-married,1
798,not-married,1
799,not-married,1
800,married,0
801,married,0
802,married,1
803,married,0
804,married,0
805,not-married,0
806,not-married,1
807,not-married,0
808,married,0
809,not-married,0
810,married,0
811,not-married,1
812,not-married,0
813,married,1
814,married,0
815,not-married,0
816,married,0
817,married,0
818,married,0
819,not-married,1
820,not-married,0
821,married,0
822,not-married,0
823,married,0
824,not-married,0
825,married,0
826,married,0
827,married,1
828,married,0
829,married,0
830,not-married,0
831,married,1
832,married,0
833,married,0
834,married,0
835,married,0
836,not-married,0
837,married,0
838,married,0
839,not-married,1
840,not-married,0
841,married,0
842,married,0
843,married,0
844,married,1
845,not-married,0
846,married,1
847,not-married,0
848,not-married,1
849,not-married,1
850,married,1
851,not-married,0
852,married,1
853,married,0
854,married,1
855,married,0
856,married,1
857,married,1
858,married,0
859,married,1
860,not-married,1
861,married,1
862,married,1
863,not-married,0
864,not-married,0
865,not-married,1
866,not-married,1
867,not-married,0
868,not-married,0
869,not-married,0
870,married,0
871,married,1
872,not-married,1
873,not-married,1
874,not-married,1
875,not-married,0
876,not-married,1
877,not-married,0
878,not-married,1
879,not-married,1
880,not-married,0
881,not-married,0
882,married,0
883,married,0
884,married,0
885,not-married,1
886,not-married,1
887,married,0
888,married,0
889,married,0
890,married,0
891,married,0
892,married,0
893,not-married,0
894,married,0
895,married,1
896,married,1
897,married,1
898,married,1
899,married,0
900,married,0
901,married,0
902,not-married,1
903,married,0
904,not-married,1
905,not-married,0
906,married,0
907,not-married,0
908,married,1
909,not-married,0
910,married,0
911,married,0
912,married,0
913,not-married,0
914,married,1
915,not-married,0
916,not-married,1
917,not-married,1
918,married,0
919,not-married,1
920,married,0
921,not-married,1
922,married,0
923,married,1
924,married,0
925,married,0
926,not-married,1
927,married,0
928,married,0
929,married,0
930,married,0
931,not-married,0
932,married,0
933,married,0
934,not-married,1
935,married,0
936,not-married,1
937,not-married,0
938,not-married,1
939,not-married,0
940,not-married,1
941,married,1
942,married,0
943,not-married,0
944,married,0
945,married,1
946,not-married,0
947,married,0
948,not-married,0
949,married,0
950,not-married,1
951,not-married,1
952,married,0
953,married,0
954,not-married,1
955,not-married,0
956,married,0
957,not-married,0
958,married,1
959,married,0
960,married,0
961,not-married,0
962,married,0
963,not-married,1
964,married,1
965,married,0
966,not-married,1
967,not-married,1
968,not-married,0
969,not-married,0
970,married,0
971,married,1
972,not-married,1
973,not-married,1
974,married,0
975,not-married,0
976,married,0
977,not-married,1
978,not-married,1
979,married,0
980,married,0
981,married,0
982,married,0
983,married,1
984,married,1
985,married,1
986,married,1
987,married,0
988,married,0
989,not-married,0
990,not-married,0
991,married,1
992,married,0
993,married,1
994,not-married,1
995,not-married,0
996,not-married,0
997,married,0
998,married,1
999,not-married,0
1000,not-married,1
1001,married,0
1002,married,0
1003,not-married,0
1004,married,0
1005,not-married,0
1006,married,0
1007,married,0
1008,married,1
1009,married,0
1010,not-married,1
1011,married,0
1012,married,0
1013,not-married,0
1014,married,1
1015,not-married,1
1016,married,0
1017,married,0
1018,married,0
1019,married,1
1020,married,0
1021,married,0
1022,married,1
1023,married,0
1024,married,0
1025,not-married,1
1026,married,0
1027,married,1
1028,married,0
1029,not-married,0
1030,married,0
1031,not-married,0
1032,married,1
1033,not-married,1
1034,married,0
1035,not-married,1
1036,married,1
1037,married,1
1038,not-married,1
1039,married,1
1040,married,0
1041,married,1
1042,not-married,0
1043,not-married,1
1044,married,0
1045,married,0
1046,not-married,1
1047,married,0
1048,married,0
1049,married,1
1050,not-married,0
1051,married,1
1052,married,0
1053,not-married,1
1054,not-married,0
1055,not-married,0
1056,married,0
1057,married,0
1058,not-married,0
1059,married,0
1060,not-married,0
1061,married,0
1062,not-married,0
1063,married,1
1064,not-married,0
1065,not-married,1
1066,not-married,1
1067,married,0
1068,married,0
1069,not-married,1
1070,not-married,0
1071,married,0
1072,married,0
1073,married,1
1074,married,0
1075,married,1
1076,not-married,0
1077,married,0
1078,married,1
1079,married,0
1080,married,1
1081,married,0
1082,not-married,0
1083,married,0
1084,married,1
1085,married,1
1086,not-married,0
1087,not-married,0
1088,not-married,1
1089,married,0
1090,married,0
1091,married,0
1092,not-married,0
1093,not-married,1
1094,married,0
1095,married,1
1096,not-married,0
1097,married,0
1098,married,1
1099,married,0
1100,married,0
1101,not-married,0
1102,not-married,1
1103,not-married,1
1104,married,0
1105,married,0
1106,not-married,1
1107,married,1
1108,married,1
1109,not-married,0
1110,married,0
1111,married,0
1112,married,0
1113,married,0
1114,married,0
1115,not-married,1
1116,married,0
1117,married,1
1118,not-married,1
1119,married,0
1120,married,0
1121,married,0
1122,not-married,0
1123,not-married,1
1124,not-married,0
1125,married,0
1126,married,1
1127,not-married,0
1128,not-married,1
1129,married,0
1130,not-married,0
1131,married,0
1132,married,0
1133,married,0
1134,not-married,1
1135,not-married,0
1136,not-married,1
1137,not-married,0
1138,married,0
1139,not-married,1
1140,married,0
1141,not-married,0
1142,married,1
1143,not-married,0
1144,married,0
1145,married,1
1146,not-married,1
1147,not-married,1
1148,married,1
1149,married,1
1150,not-married,1
1151,not-married,0
1152,not-married,0
1153,married,0
1154,married,0
1155,not-married,0
1156,married,0
1157,not-married,0
1158,married,0
1159,not-married,1
1160,married,1
1161,not-married,1
1162,not-married,1
1163,married,0
1164,married,0
1165,married,0
1166,married,1
1167,not-married,0
1168,not-married,0
1169,not-married,0
1170,married,0
1171,not-married,1
1172,not-married,0
1173,married,1
1174,married,0
1175,married,0
1176,married,1
1177,married,0
1178,not-married,0
1179,married,0
1180,married,1
1181,not-married,1
1182,married,1
1183,not-married,1
1184,married,0
1185,married,0
1186,married,0
1187,married,0
1188,married,0
1189,married,1
1190,not-married,1
1191,not-married,0
1192,married,1
1193,married,0
1194,married,1
1195,married,1
1196,married,0
1197,married,0
1198,not-married,0
1199,married,0
1200,married,0
1201,married,0
1202,married,1
1203,not-married,0
1204,not-married,0
1205,not-married,0
1206,married,0
1207,not-married,0
1208,married,0
1209,married,1
1210,not-married,0
1211,not-married,1
1212,not-married,0
1213,married,0
1214,married,0
1215,married,1
1216,not-married,0
1217,married,1
1218,married,1
1219,married,1
1220,married,0
1221,married,1
1222,married,1
1223,married,1
1224,married,1
1225,married,0
1226,married,0
1227,not-married,1
1228,not-married,0
1229,married,0
1230,married,0
1231,married,1
1232,married,0
1233,married,1
1234,married,0
1235,not-married,0
1236,married,1
1237,not-married,1
1238,not-married,1
1239,not-married,0
1240,married,0
1241,married,1
1242,married,0
1243,married,0
1244,married,0
1245,married,1
1246,not-married,1
1247,not-married,1
1248,married,1
1249,not-married,0
1250,married,0
1251,married,0
1252,not-married,1
1253,not-married,0
1254,not-married,0
1255,married,0
1256,married,0
1257,not-married,0
1258,not-married,0
1259,not-married,0
1260,married,0
1261,married,0
1262,married,0
1263,married,1
1264,not-married,1
1265,married,1
1266,not-married,1
1267,married,0
1268,married,1
1269,not-married,0
1270,married,0
1271,married,0
1272,not-married,1
1273,married,1
1274,married,1
1275,married,1
1276,married,0
1277,married,1
1278,married,1
1279,not-married,0
1280,married,1
1281,married,1
1282,married,1
1283,married,0
1284,not-married,1
1285,married,1
1286,not-married,1
1287,married,0
1288,married,0
1289,married,1
1290,married,0
1291,not-married,1
1292,married,0
1293,married,0
1294,not-married,0
1295,married,0
1296,not-married,1
1297,married,1
1298,not-married,0
1299,married,0
1300,married,0
1301,married,1
1302,not-married,0
1303,married,1
1304,married,1
1305,not-married,0
1306,married,0
1307,married,0
1308,married,0
1309,not-married,0
1310,married,0
1311,not-married,1
1312,not-married,0
1313,married,0
1314,not-married,1
1315,married,0
1316,married,1
1317,not-married,0
1318,married,1
1319,not-married,0
1320,married,0
1321,married,0
1322,not-married,0
1323,not-married,0
1324,not-married,1
1325,not-married,1
1326,not-married,0
1327,married,0
1328,married,0
1329,not-married,0
1330,not-married,1
1331,married,1
1332,married,0
1333,married,0
1334,married,0
1335,not-married,1
1336,married,1
1337,not-married,1
1338,married,0
1339,not-married,0
1340,married,0
1341,married,0
1342,married,1
1343,married,0
1344,married,1
1345,not-married,1
1346,married,0
1347,married,1
1348,married,1
1349,married,1
1350,not-married,1
1351,married,0
1352,married,1
1353,not-married,0
1354,married,1
1355,married,1
1356,not-married,1
1357,married,0
1358,married,1
1359,married,1
1360,not-married,1
1361,married,1
1362,not-married,1
1363,not-married,1
1364,not-married,1
1365,not-married,0
1366,married,1
1367,not-married,1
1368,not-married,0
1369,not-married,1
1370,not-married,1
1371,not-married,0
1372,married,1
1373,not-married,0
1374,not-married,0
1375,married,0
1376,married,0
1377,not-married,0
1378,not-married,1
1379,married,0
1380,married,1
1381,not-married,0
1382,married,1
1383,married,1
1384,married,0
1385,married,1
1386,married,0
1387,not-married,0
1388,married,1
1389,married,0
1390,married,0
1391,married,0
1392,not-married,1
1393,not-married,0
1394,not-married,1
1395,not-married,0
1396,married,0
1397,married,0
1398,married,0
1399,not-married,1
1400,not-married,0
1401,married,0
1402,married,0
1403,married,0
1404,not-married,0
1405,not-married,0
1406,not-married,0
1407,married,0
1408,married,0
1409,married,0
1410,not-married,1
1411,married,0
1412,married,1
1413,not-married,0
1414,married,0
1415,married,0
1416,married,0
1417,married,0
1418,married,1
1419,married,0
1420,not-married,0
1421,married,0
1422,not-married,1
1423,not-married,1
1424,married,0
1425,married,0
1426,not-married,0
1427,married,1
1428,married,0
1429,married,1
1430,not-married,0
1431,married,0
1432,not-married,1
1433,not-married,0
1434,married,0
1435,not-married,0
1436,married,0
1437,not-married,1
1438,married,0
1439,not-married,1
1440,married,0
1441,married,0
1442,married,1
1443,not-married,1
1444,married,0
1445,not-married,0
1446,married,0
1447,not-married,1
1448,married,0
1449,not-married,0
1450,not-married,0
1451,married,0
1452,not-married,0
1453,married,0
1454,not-married,1
1455,not-married,0
1456,married,1
1457,not-married,0
1458,not-married,0
1459,married,1
1460,married,1
1461,married,1
1462,married,1
1463,not-married,1
1464,not-married,0
1465,not-married,1
1466,married,0
1467,married,1
1468,not-married,0
1469,married,1
1470,married,0
1471,not-married,0
1472,married,0
1473,married,1
1474,not-married,1
1475,married,1
1476,not-married,1
1477,married,1
1478,married,0
1479,not-married,0
1480,married,0
1481,married,1
1482,married,0
1483,married,0
1484,not-married,0
1485,not-married,0
1486,not-married,1
1487,married,0
1488,married,0
1489,not-married,0
1490,not-married,0
1491,married,1
1492,not-married,1
1493,married,0
1494,not-married,0
1495,married,1
1496,not-married,1
1497,married,0
1498,married,0
1499,not-married,0
1500,not-married,0
1501,married,0
1502,not-married,1
1503,married,0
1504,not-married,0
1505,married,1
1506,not-married,1
1507,married,0
1508,not-married,1
1509,not-married,1
1510,married,0
1511,not-married,0
1512,married,1
1513,married,0
1514,married,0
1515,not-married,0
1516,not-married,1
1517,married,0
1518,not-married,0
1519,married,0
1520,married,0
1521,married,1
1522,not-married,0
1523,not-married,0
1524,not-married,0
1525,married,1
1526,not-married,0
1527,married,1
1528,not-married,0
1529,not-married,0
1530,married,1
1531,not-married,1
1532,not-married,0
1533,married,0
1534,married,0
1535,married,1
1536,married,1
1537,married,0
1538,not-married,0
1539,married,1
1540,not-married,0
1541,married,0
1542,married,0
1543,not-married,0
1544,married,1
1545,not-married,1
1546,married,0
1547,not-married,1
1548,not-married,0
1549,not-married,0
1550,not-married,1
1551,not-married,1
1552,not-married,0
1553,married,1
1554,married,1
1555,not-married,0
1556,not-married,0
1557,married,1
1558,married,0
1559,married,0
1560,married,0
1561,married,0
1562,not-married,1
1563,married,0
1564,not-married,1
1565,married,0
1566,married,0
1567,not-married,0
1568,married,0
1569,married,1
1570,married,1
1571,married,0
1572,not-married,1
1573,married,1
1574,married,0
1575,married,1
1576,not-married,0
1577,not-married,0
1578,married,0
1579,married,0
1580,married,0
1581,married,0
1582,not-married,0
1583,not-married,1
1584,married,0
1585,not-married,0
1586,not-married,0
1587,married,0
1588,married,1
1589,married,1
1590,married,1
1591,not-married,1
1592,married,0
1593,not-married,0
1594,married,1
1595,not-married,1
1596,not-married,1
1597,not-married,1
1598,not-married,0
1599,married,0
1600,married,1
1601,not-married,0
1602,married,1
1603,married,0
1604,married,0
1605,not-married,0
1606,not-married,0
1607,married,0
1608,married,0
1609,not-married,0
1610,married,0
1611,married,0
1612,married,0
1613,not-married,1
1614,not-married,0
1615,not-married,1
1616,married,0
1617,not-married,0
1618,not-married,1
1619,married,0
1620,married,1
1621,not-married,0
1622,married,0
1623,not-married,0
1624,married,1
1625,not-married,0
1626,not-married,1
1627,married,0
1628,not-married,0
1629,not-married,0
1630,married,1
1631,not-married,0
1632,married,1
1633,not-married,1
1634,not-married,0
1635,not-married,1
1636,married,0
1637,married,1
1638,not-married,0
1639,not-married,0
1640,not-married,1
1641,not-married,1
1642,married,0
1643,married,1
1644,not-married,1
1645,not-married,1
1646,married,0
1647,married,0
1648,not-married,1
1649,married,1
1650,married,0
1651,not-married,1
1652,not-married,0
1653,not-married,0
1654,married,0
1655,married,0
1656,married,1
1657,married,0
1658,not-married,0
1659,married,0
1660,not-married,1
1661,not-married,1
1662,not-married,0
1663,married,0
1664,not-married,1
1665,married,0
1666,not-married,0
1667,married,0
1668,married,1
1669,married,0
1670,married,1
1671,married,1
1672,married,0
1673,not-married,0
1674,married,1
1675,married,0
1676,married,0
1677,not-married,1
1678,married,0
1679,married,1
1680,married,0
1681,married,1
1682,married,0
1683,not-married,0
1684,married,0
1685,not-married,0
1686,married,1
1687,married,0
1688,married,0
1689,not-married,1
1690,not-married,1
1691,not-married,1
1692,married,0
1693,married,0
1694,married,0
1695,married,1
1696,not-married,1
1697,married,1
1698,not-married,1
1699,married,0
1700,married,1
1701,married,1
1702,not-married,0
1703,married,0
1704,married,0
1705,married,0
1706,not-married,0
1707,married,0
1708,married,1
1709,not-married,1
1710,not-married,0
1711,not-married,0
1712,married,0
1713,married,1
1714,not-married,0
1715,married,1
1716,not-married,1
1717,married,1
1718,married,0
1719,not-married,1
1720,not-married,0
1721,not-married,0
1722,married,1
1723,married,0
1724,married,0
1725,not-married,0
1726,married,0
1727,married,0
1728,not-married,1
1729,not-married,1
1730,not-married,0
1731,married,1
1732,married,0
1733,married,0
1734,not-married,0
1735,married,1
1736,not-married,0
1737,married,0
1738,not-married,1
1739,not-married,1
1740,not-married,1
1741,not-married,0
1742,married,0
1743,married,0
1744,married,0
1745,married,1
1746,not-married,1
1747,married,1
1748,married,0
1749,married,0
1750,married,0
1751,married,1
1752,not-married,0
1753,not-married,1
1754,not-married,0
1755,married,0
1756,not-married,1
1757,married,1
1758,not-married,0
1759,not-married,0
1760,married,0
1761,not-married,0
1762,married,0
1763,married,0
1764,married,1
1765,not-married,1
1766,not-married,1
1767,married,0
1768,married,0
1769,not-married,0
1770,married,1
1771,not-married,0
1772,married,1
1773,married,0
1774,not-married,0
1775,married,1
1776,married,0
1777,married,0
1778,married,0
1779,married,1
1780,married,1
1781,married,0
1782,not-married,1
1783,married,1
1784,not-married,0
1785,married,0
1786,not-married,0
1787,married,1
1788,not-married,0
1789,not-married,0
1790,not-married,0
1791,not-married,1
1792,married,0
1793,married,0
1794,married,0
1795,not-married,1
1796,married,0
1797,not-married,1
1798,married,1
1799,not-married,0
1800,not-married,1
1801,married,0
1802,not-married,1
1803,married,1
1804,married,0
1805,not-married,1
1806,not-married,1
1807,married,1
1808,married,1
1809,married,0
1810,not-married,1
1811,married,1
1812,married,1
1813,not-married,0
1814,not-married,0
1815,married,0
1816,not-married,1
1817,married,0
1818,married,0
1819,married,1
1820,married,0
1821,married,1
1822,not-married,1
1823,not-married,1
1824,married,0
1825,not-married,0
1826,not-married,1
1827,married,1
1828,not-married,0
1829,married,0
1830,married,1
1831,married,0
1832,not-married,0
1833,married,0
1834,married,0
1835,not-married,0
1836,not-married,0
1837,married,1
1838,married,1
1839,not-married,0
1840,not-married,1
1841,married,0
1842,married,0
1843,not-married,0
1844,married,0
1845,married,0
1846,married,1
1847,not-married,0
1848,married,0
1849,not-married,0
1850,married,1
1851,married,0
1852,married,1
1853,not-married,0
1854,not-married,0
1855,not-married,0
1856,not-married,1
1857,not-married,0
1858,married,1
1859,married,0
1860,married,1
1861,married,0
1862,married,0
1863,married,0
1864,not-married,1
1865,not-married,0
1866,married,1
1867,married,0
1868,not-married,0
1869,not-married,0
1870,married,1
1871,not-married,1
1872,married,1
1873,married,1
1874,married,1
1875,married,1
1876,married,0
1877,married,0
1878,not-married,1
1879,not-married,0
1880,not-married,0
1881,married,1
1882,not-married,0
1883,married,0
1884,married,0
1885,not-married,0
1886,married,0
1887,married,0
1888,not-married,0
1889,married,1
1890,not-married,1
1891,not-married,1
1892,not-married,0
1893,not-married,0
1894,married,1
1895,not-married,1
1896,not-married,1
1897,married,0
1898,married,0
1899,married,1
1900,married,1
1901,not-married,0
1902,married,0
1903,not-married,0
1904,not-married,0
1905,married,1
1906,married,0
1907,married,1
1908,married,1
1909,married,0
1910,not-married,0
1911,not-married,0
1912,married,1
1913,not-married,0
1914,not-married,1
1915,married,1
1916,married,1
1917,married,0
1918,married,1
1919,not-married,0
1920,married,0
1921,married,0
1922,not-married,0
1923,married,0
1924,married,0
1925,not-married,1
1926,not-married,0
1927,not-married,1
1928,not-married,0
1929,married,0
1930,married,0
1931,married,0
1932,not-married,1
1933,not-married,0
1934,married,1
1935,married,0
1936,married,0
1937,not-married,1
1938,not-married,0
1939,married,0
1940,not-married,0
1941,married,0
1942,married,1
1943,married,0
1944,not-married,0
1945,not-married,1
1946,married,0
1947,not-married,1
1948,married,0
1949,not-married,0
1950,married,0
1951,not-married,1
1952,married,1
1953,married,0
1954,married,1
1955,not-married,0
1956,married,0
1957,not-married,0
1958,not-married,1
1959,married,1
1960,married,0
1961,married,1
1962,married,0
1963,not-married,1
1964,married,0
1965,not-married,0
1966,married,1
1967,married,0
1968,married,1
1969,not-married,1
1970,not-married,1
1971,married,1
1972,married,1
1973,not-married,1
1974,married,1
1975,married,1
1976,married,0
1977,married,0
1978,not-married,0
1979,not-married,0
1980,not-married,0
1981,married,0
1982,not-married,1
1983,married,0
1984,married,1
1985,not-married,1
1986,not-married,0
1987,not-married,1
1988,married,0
1989,married,0
1990,married,0
1991,married,1
1992,not-married,0
1993,married,0
1994,not-married,0
1995,not-married,1
1996,not-married,1
1997,married,0
1998,married,0
1999,not-married,0
2000,not-married,0
2001,married,0
2002,not-married,1
2003,not-married,0
2004,married,0
2005,not-married,1
2006,married,0
2007,married,1
2008,married,1
2009,not-married,0
2010,married,0
2011,married,1
2012,married,0
2013,married,0
2014,not-married,1
2015,not-married,0
2016,not-married,0
2017,married,0
2018,not-married,0
2019,not-married,0
2020,married,0
2021,not-married,1
2022,not-married,0
2023,married,0
2024,not-married,1
2025,married,0
2026,not-married,0
2027,married,0
2028,not-married,1
2029,not-married,1
2030,married,1
2031,not-married,1
2032,not-married,0
2033,married,0
2034,married,0
2035,married,1
2036,not-married,1
2037,not-married,0
2038,married,1
2039,married,1
2040,not-married,1
2041,married,1
2042,married,0
2043,married,0
2044,married,1
2045,not-married,1
2046,married,0
2047,married,0
2048,not-married,1
2049,married,0
2050,married,0
2051,married,0
2052,married,0
2053,married,0
2054,married,1
2055,not-married,0
2056,not-married,1
2057,married,1
2058,married,0
2059,married,1
2060,married,0
2061,married,1
2062,married,0
2063,not-married,1
2064,married,1
2065,not-married,1
2066,married,0
2067,married,1
2068,married,0
2069,married,0
2070,not-married,0
2071,married,1
2072,married,0
2073,married,0
2074,not-married,0
2075,not-married,0
2076,married,0
2077,not-married,0
2078,not-married,1
2079,married,0
2080,married,1
2081,married,0
2082,married,0
2083,not-married,1
2084,married,0
2085,married,0
2086,married,0
2087,not-married,0
2088,married,0
2089,not-married,0
2090,not-married,1
2091,married,0
2092,not-married,0
2093,married,0
2094,not-married,0
2095,not-married,0
2096,married,1
2097,not-married,0
2098,not-married,1
2099,married,0
2100,married,1
2101,married,0
2102,married,0
2103,not-married,1
2104,married,1
2105,not-married,0
2106,married,0
2107,not-married,1
2108,married,0
2109,not-married,1
2110,married,0
2111,not-married,1
2112,not-married,1
2113,not-married,0
2114,married,0
2115,married,0
2116,married,0
2117,married,1
2118,not-married,1
2119,married,1
2120,married,0
2121,married,1
2122,married,1
2123,not-married,1
2124,not-married,0
2125,married,0
2126,married,0
2127,married,0
2128,married,0
2129,not-married,1
2130,married,0
2131,not-married,1
2132,not-married,1
2133,married,0
2134,married,0
2135,married,0
2136,not-married,0
2137,not-married,0
2138,not-married,0
2139,married,0
2140,not-married,0
2141,married,0
2142,married,1
2143,married,0
2144,married,0
2145,married,0
2146,married,0
2147,not-married,0
2148,not-married,0
2149,married,1
2150,not-married,0
2151,married,0
2152,married,0
2153,not-married,0
2154,married,1
2155,not-married,1
2156,married,0
2157,married,0
2158,married,0
2159,married,0
2160,not-married,1
2161,not-married,0
2162,not-married,0
2163,married,0
2164,married,1
2165,not-married,0
2166,married,0
2167,married,0
2168,married,0
2169,married,1
2170,not-married,0
2171,married,1
2172,married,0
2173,married,0
2174,not-married,1
2175,not-married,0
2176,married,0
2177,married,0
2178,married,0
2179,married,0
2180,married,0
2181,not-married,0
2182,not-married,0
2183,not-married,1
2184,married,1
2185,not-married,0
2186,married,0
2187,not-married,0
2188,not-married,1
2189,not-married,0
2190,not-married,0
2191,not-married,1
2192,not-married,1
2193,married,0
2194,married,1
2195,married,0
2196,not-married,1
2197,not-married,0
2198,not-married,1
2199,not-married,1
2200,married,0
2201,married,0
2202,not-married,0
2203,married,0
2204,not-married,1
2205,not-married,1
2206,married,1
2207,married,1
2208,not-married,0
2209,not-married,1
2210,married,1
2211,not-married,1
2212,not-married,0
2213,not-married,1
2214,not-married,0
2215,married,1
2216,not-married,1
2217,married,1
2218,married,0
2219,not-married,1
2220,married,0
2221,not-married,1
2222,not-married,1
2223,not-married,1
2224,married,1
2225,married,1
2226,married,0
2227,married,0
2228,not-married,0
2229,married,0
2230,married,0
2231,married,0
2232,not-married,1
2233,married,0
2234,married,0
2235,married,1
2236,not-married,0
2237,not-married,0
2238,married,0
2239,not-married,0
2240,not-married,0
2241,married,1
2242,married,0
2243,married,1
2244,married,0
2245,not-married,0
2246,married,0
2247,not-married,0
2248,not-married,0
2249,married,1
2250,married,1
2251,married,1
2252,married,0
2253,married,0
2254,not-married,0
2255,not-married,0
2256,married,0
2257,married,1
2258,married,0
2259,not-married,0
2260,married,0
2261,not-married,1
2262,not-married,1
2263,not-married,0
2264,not-married,1
2265,married,1
2266,married,1
2267,not-married,1
2268,married,0
2269,not-married,1
2270,married,0
2271,married,0
2272,not-married,0
2273,not-married,1
2274,married,1
2275,married,0
2276,married,0
2277,not-married,0
2278,married,0
2279,not-married,1
2280,not-married,0
2281,not-married,1
2282,married,0
2283,married,0
2284,not-married,0
2285,not-married,0
2286,not-married,0
2287,married,0
2288,not-married,0
2289,not-married,0
2290,not-married,1
2291,married,0
2292,married,0
2293,married,1
2294,married,0
2295,married,0
2296,married,1
2297,married,0
2298,married,1
2299,not-married,1
2300,married,0
2301,not-married,1
2302,married,1
2303,married,1
2304,not-married,0
2305,not-married,1
2306,not-married,1
2307,married,1
2308,not-married,0
2309,married,1
2310,not-married,0
2311,not-married,1
2312,not-married,0
2313,married,1
2314,not-married,0
2315,married,0
2316,not-married,0
2317,married,1
2318,not-married,0
2319,married,0
2320,married,0
2321,married,1
2322,not-married,0
2323,married,0
2324,not-married,1
2325,married,0
2326,married,0
2327,married,0
2328,married,0
2329,not-married,0
2330,not-married,0
2331,married,0
2332,married,0
2333,married,1
2334,not-married,1
2335,married,0
2336,not-married,1
2337,not-married,1
2338,not-married,1
2339,married,0
2340,not-married,1
2341,married,1
2342,married,0
2343,married,0
2344,married,0
2345,not-married,1
2346,married,0
2347,not-married,0
2348,not-married,0
2349,married,0
2350,married,1
2351,not-married,1
2352,not-married,0
2353,married,0
2354,married,0
2355,married,1
2356,married,1
2357,not-married,1
2358,married,0
2359,not-married,0
2360,not-married,1
2361,not-married,0
2362,not-married,0
2363,married,0
2364,married,0
2365,married,0
2366,not-married,0
2367,not-married,1
2368,married,0
2369,not-married,0
2370,married,0
2371,married,0
2372,not-married,1
2373,not-married,0
2374,not-married,1
2375,not-married,1
2376,married,1
2377,married,0
2378,married,0
2379,not-married,0
2380,not-married,1
2381,married,1
2382,married,1
2383,married,0
2384,married,1
2385,married,1
2386,married,1
2387,married,0
2388,married,0
2389,married,0
2390,not-married,1
2391,married,1
2392,married,0
2393,not-married,1
2394,married,0
2395,not-married,0
2396,not-married,1
2397,married,0
2398,married,0
2399,married,0
2400,not-married,1
2401,not-married,1
2402,married,0
2403,married,1
2404,not-married,0
2405,married,0
2406,not-married,1
2407,not-married,0
2408,married,0
2409,married,0
2410,married,1
2411,married,0
2412,married,1
2413,not-married,1
2414,not-married,0
2415,married,1
2416,married,1
2417,not-married,1
2418,married,0
2419,not-married,0
2420,not-married,1
2421,not-married,1
2422,not-married,0
2423,not-married,1
2424,not-married,0
2425,not-married,0
2426,married,1
2427,married,1
2428,not-married,0
2429,married,1
2430,not-married,1
2431,not-married,1
2432,married,0
2433,not-married,0
2434,not-married,1
2435,married,1
2436,not-married,1
2437,married,0
2438,married,0
2439,married,0
2440,not-married,0
2441,not-married,1
2442,not-married,0
2443,not-married,0
2444,not-married,0
2445,not-married,1
2446,married,0
2447,married,0
2448,not-married,1
2449,married,1
2450,not-married,1
2451,not-married,1
2452,not-married,1
2453,married,0
2454,married,1
2455,married,0
2456,not-married,1
2457,married,0
2458,married,0
2459,married,0
2460,married,0
2461,not-married,0
2462,not-married,1
2463,married,0
2464,not-married,1
2465,married,0
2466,married,0
2467,married,0
2468,not-married,1
2469,not-married,0
2470,married,0
2471,married,0
2472,married,1
2473,married,1
2474,married,1
2475,not-married,0
2476,not-married,1
2477,not-married,0
2478,married,0
2479,married,0
2480,not-married,0
2481,married,1
2482,married,1
2483,married,1
2484,married,1
2485,married,1
2486,married,1
2487,married,1
2488,not-married,0
2489,married,1
2490,married,1
2491,not-married,0
2492,married,0
2493,married,1
2494,married,0
2495,married,1
2496,married,0
2497,married,0
2498,married,0
2499,married,1
2500,married,1
2501,not-married,0
2502,not-married,0
2503,married,0
2504,married,0
2505,not-married,0
2506,not-married,1
2507,married,0
2508,married,1
2509,married,0
2510,married,1
2511,married,0
2512,married,1
2513,married,0
2514,not-married,0
2515,married,1
2516,not-married,1
2517,married,1
2518,married,1
2519,not-married,0
2520,married,0
2521,not-married,0
2522,not-married,1
2523,married,1
2524,married,0
2525,married,0
2526,not-married,1
2527,married,1
2528,not-married,0
2529,married,1
2530,not-married,1
2531,not-married,1
2532,not-married,1
2533,married,1
2534,not-married,0
2535,married,0
2536,not-married,0
2537,married,0
2538,married,1
2539,not-married,0
2540,not-married,0
2541,married,0
2542,not-married,1
2543,married,0
2544,married,0
2545,not-married,1
2546,not-married,0
2547,not-married,0
2548,not-married,0
2549,married,0
2550,not-married,1
2551,married,0
2552,married,0
2553,married,0
2554,married,0
2555,married,0
2556,not-married,0
2557,not-married,1
2558,not-married,1
2559,not-married,1
2560,married,0
2561,not-married,0
2562,not-married,1
2563,married,1
2564,married,1
2565,not-married,1
2566,married,0
2567,married,0
2568,married,0
2569,not-married,0
2570,not-married,1
2571,married,1
2572,married,0
2573,married,1
2574,married,1
2575,not-married,0
2576,not-married,1
2577,married,1
2578,not-married,0
2579,not-married,0
2580,married,1
2581,married,0
2582,not-married,0
2583,not-married,0
2584,not-married,1
2585,married,0
2586,not-married,0
2587,married,0
2588,not-married,0
2589,married,1
2590,married,0
2591,married,1
2592,married,0
2593,married,0
2594,married,0
2595,married,1
2596,not-married,0
2597,not-married,1
2598,married,0
2599,married,0
2600,not-married,1
2601,married,0
2602,not-married,0
2603,not-married,0
2604,not-married,0
2605,not-married,0
2606,not-married,0
2607,married,0
2608,married,0
2609,married,1
2610,married,0
2611,not-married,1
2612,not-married,0
2613,married,0
2614,married,1
2615,not-married,1
2616,married,0
2617,married,0
2618,not-married,0
2619,not-married,1
2620,not-married,0
2621,married,0
2622,married,0
2623,not-married,0
2624,married,0
2625,married,0
2626,not-married,0
2627,married,0
2628,married,0
2629,married,0
2630,married,0
2631,not-married,0
2632,not-married,1
2633,married,0
2634,married,1
2635,married,0
2636,married,1
2637,married,0
2638,not-married,1
2639,not-married,0
2640,married,0
2641,married,0
2642,married,0
2643,not-married,1
2644,married,1
2645,married,1
2646,married,1
2647,not-married,1
2648,not-married,0
2649,married,0
2650,married,1
2651,not-married,0
2652,married,1
2653,married,1
2654,not-married,1
2655,married,0
2656,not-married,0
2657,not-married,1
2658,married,1
2659,married,0
2660,not-married,0
2661,not-married,1
2662,married,0
2663,married,0
2664,married,1
2665,married,1
2666,married,1
2667,not-married,1
2668,married,1
2669,not-married,1
2670,not-married,0
2671,married,1
2672,married,1
2673,not-married,1
2674,not-married,1
2675,married,0
2676,married,0
2677,married,0
2678,married,0
2679,married,1
2680,not-married,0
2681,married,0
2682,not-married,0
2683,married,0
2684,not-married,0
2685,not-married,1
2686,married,0
2687,married,0
2688,not-married,1
2689,not-married,0
2690,not-married,1
2691,not-married,1
2692,not-married,0
2693,not-married,0
2694,not-married,0
2695,not-married,0
2696,married,1
2697,not-married,1
2698,not-married,0
2699,married,0
2700,married,0
2701,married,0
2702,not-married,1
2703,not-married,0
2704,not-married,0
2705,not-married,0
2706,not-married,0
2707,not-married,0
2708,married,0
2709,married,0
2710,married,0
2711,married,0
2712,married,0
2713,married,0
2714,not-married,0
2715,married,1
2716,not-married,1
2717,not-married,0
2718,not-married,0
2719,not-married,1
2720,married,0
2721,married,1
2722,not-married,0
2723,not-married,0
2724,married,1
2725,married,0
2726,not-married,1
2727,not-married,0
2728,not-married,0
2729,not-married,0
2730,married,0
2731,married,0
2732,married,1
2733,not-married,0
2734,not-married,0
2735,not-married,1
2736,married,0
2737,married,0
2738,not-married,1
2739,not-married,0
2740,not-married,1
2741,married,0
2742,married,0
2743,not-married,1
2744,married,0
2745,married,0
2746,not-married,0
2747,not-married,1
2748,not-married,0
2749,married,0
2750,married,0
2751,not-married,0
2752,not-married,0
2753,not-married,0
2754,married,1
2755,married,0
2756,not-married,0
2757,married,1
2758,married,0
2759,not-married,0
2760,not-married,1
2761,married,1
2762,not-married,1
2763,married,1
2764,married,1
2765,not-married,0
2766,not-married,0
2767,married,0
2768,married,1
2769,married,0
2770,married,0
2771,married,0
2772,not-married,0
2773,married,1
2774,not-married,0
2775,married,0
2776,married,1
2777,not-married,1
2778,married,0
2779,married,0
2780,not-married,0
2781,not-married,1
2782,married,0
2783,not-married,0
2784,married,0
2785,married,1
2786,married,0
2787,married,1
2788,married,0
2789,not-married,1
2790,married,1
2791,married,1
2792,married,0
2793,married,0
2794,married,1
2795,married,1
2796,married,1
2797,married,0
2798,not-married,0
2799,married,1
2800,married,1
2801,not-married,0
2802,married,0
2803,not-married,0
2804,not-married,0
2805,married,1
2806,married,0
2807,married,0
2808,married,1
2809,married,0
2810,married,0
2811,not-married,0
2812,not-married,1
2813,married,0
2814,not-married,0
2815,married,1
2816,married,1
2817,married,1
2818,not-married,0
2819,married,0
2820,not-married,0
2821,married,1
2822,not-married,0
2823,not-married,1
2824,married,0
2825,married,1
2826,married,0
2827,married,0
2828,not-married,1
2829,married,0
2830,not-married,1
2831,married,0
2832,married,0
2833,married,0
2834,married,0
2835,not-married,0
2836,not-married,1
2837,not-married,0
2838,not-married,1
2839,not-married,0
2840,not-married,0
2841,married,0
2842,married,1
2843,not-married,1
2844,not-married,1
2845,not-married,0
2846,married,1
2847,not-married,1
2848,married,1
2849,not-married,1
2850,not-married,0
2851,married,1
2852,not-married,0
2853,married,1
2854,married,0
2855,married,0
2856,married,1
2857,married,0
2858,married,0
2859,married,1
2860,married,0
2861,married,1
2862,married,0
2863,married,1
2864,not-married,1
2865,married,0
2866,married,0
2867,married,0
2868,married,0
2869,married,1
2870,not-married,0
2871,not-married,0
2872,not-married,1
2873,married,0
2874,not-married,0
2875,married,0
2876,married,0
2877,not-married,0
2878,married,0
2879,not-married,0
2880,married,1
2881,not-married,0
2882,not-married,1
2883,married,0
2884,married,1
2885,not-married,0
2886,married,1
2887,not-married,1
2888,married,0
2889,not-married,1
2890,married,1
2891,married,0
2892,married,0
2893,married,0
2894,not-married,1
2895,not-married,0
2896,not-married,1
2897,married,0
2898,married,0
2899,married,0
2900,married,0
2901,not-married,0
2902,married,1
2903,married,0
2904,not-married,1
2905,not-married,0
2906,not-married,1
2907,not-married,1
2908,not-married,0
2909,married,1
2910,married,0
2911,married,0
2912,not-married,0
2913,married,0
2914,not-married,0
2915,married,1
2916,not-married,0
2917,married,0
2918,married,0
2919,married,0
2920,not-married,0
2921,not-married,1
2922,not-married,1
2923,not-married,1
2924,married,0
2925,married,1
2926,not-married,1
2927,not-married,1
2928,married,0
2929,married,0
2930,married,1
2931,not-married,1
2932,married,1
2933,married,1
2934,not-married,0
2935,married,0
2936,married,0
2937,married,1
2938,not-married,0
2939,married,1
2940,married,1
2941,not-married,0
2942,married,1
2943,married,1
2944,married,0
2945,married,0
2946,married,1
2947,married,0
2948,married,0
2949,married,1
2950,married,1
2951,not-married,0
2952,married,0
2953,not-married,0
2954,married,0
2955,married,0
2956,not-married,0
2957,married,0
2958,married,1
2959,married,0
2960,married,0
2961,married,1
2962,married,1
2963,not-married,1
2964,married,0
2965,married,1
2966,not-married,0
2967,not-married,1
2968,married,1
2969,married,1
2970,married,0
2971,married,0
2972,married,1
2973,married,0
2974,not-married,1
2975,not-married,0
2976,married,1
2977,married,0
2978,married,1
2979,married,0
2980,not-married,0
2981,married,0
2982,married,1
2983,married,1
2984,not-married,1
2985,not-married,0
2986,married,0
2987,married,1
2988,married,1
2989,married,0
2990,married,0
2991,married,0
2992,married,0
2993,married,0
2994,married,0
2995,married,0
2996,not-married,1
2997,married,1
2998,married,0
2999,not-married,0
3000,married,1
3001,married,0
3002,married,0
3003,not-married,0
3004,married,0
3005,married,0
3006,married,0
3007,not-married,1
3008,not-married,1
3009,married,0
3010,not-married,0
3011,married,1
3012,not-married,1
3013,not-married,0
3014,married,1
3015,not-married,1
3016,married,1
3017,not-married,1
3018,not-married,1
3019,married,1
3020,not-married,1
3021,not-married,1
3022,not-married,0
3023,not-married,0
3024,married,0
3025,married,1
3026,married,0
3027,married,1
3028,married,0
3029,not-married,1
3030,not-married,1
3031,not-married,0
3032,not-married,0
3033,not-married,0
3034,not-married,0
3035,married,0
3036,married,0
3037,married,0
3038,married,0
3039,married,1
3040,married,0
3041,married,0
3042,not-married,1
3043,married,1
3044,married,0
3045,not-married,1
3046,married,0
3047,not-married,1
3048,not-married,0
3049,not-married,0
3050,married,1
3051,married,0
3052,married,1
3053,not-married,1
3054,married,0
3055,married,1
3056,not-married,1
3057,not-married,0
3058,not-married,0
3059,not-married,0
3060,married,1
3061,not-married,0
3062,not-married,1
3063,married,0
3064,not-married,0
3065,married,1
3066,married,0
3067,not-married,0
3068,not-married,1
3069,married,0
3070,not-married,0
3071,not-married,0
3072,married,1
3073,married,0
3074,not-married,0
3075,married,0
3076,married,0
3077,not-married,0
3078,married,0
3079,married,0
3080,not-married,0
3081,married,0
3082,not-married,0
3083,married,0
3084,married,1
3085,not-married,1
3086,married,0
3087,married,0
3088,married,0
3089,married,0
3090,not-married,1
3091,married,1
3092,not-married,1
3093,not-married,0
3094,not-married,1
3095,not-married,0
3096,married,0
3097,not-married,0
3098,not-married,1
3099,not-married,1
3100,not-married,1
3101,married,1
3102,married,1
3103,married,0
3104,not-married,1
3105,married,0
3106,married,0
3107,not-married,0
3108,married,0
3109,not-married,0
3110,married,0
3111,married,0
3112,not-married,1
3113,not-married,1
3114,not-married,0
3115,married,1
3116,married,1
3117,not-married,1
3118,not-married,0
3119,not-married,1
3120,not-married,0
3121,married,0
3122,married,0
3123,married,1
3124,married,0
3125,married,0
3126,married,0
3127,not-married,0
3128,married,0
3129,married,0
3130,married,1
3131,married,0
3132,not-married,1
3133,married,1
3134,married,0
3135,married,1
3136,not-married,1
3137,married,1
3138,married,1
3139,not-married,0
3140,not-married,0
3141,not-married,1
3142,not-married,0
3143,married,1
3144,married,1
3145,married,0
3146,married,0
3147,married,0
3148,not-married,1
3149,married,0
3150,married,1
3151,not-married,1
3152,married,0
3153,married,1
3154,not-married,1
3155,married,0
3156,married,0
3157,married,0
3158,not-married,1
3159,not-married,1
3160,not-married,1
3161,married,1
3162,married,1
3163,married,0
3164,not-married,1
3165,married,0
3166,married,1
3167,married,1
3168,not-married,1
3169,married,0
3170,married,0
3171,married,0
3172,married,0
3173,married,0
3174,married,1
3175,married,0
3176,married,0
3177,married,0
3178,not-married,0
3179,married,0
3180,married,1
3181,not-married,0
3182,not-married,1
3183,married,0
3184,married,0
3185,not-married,0
3186,not-married,0
3187,married,1
3188,married,1
3189,married,1
3190,married,1
3191,married,0
3192,married,1
3193,married,1
3194,married,0
3195,not-married,0
3196,not-married,1
3197,married,0
3198,married,1
3199,married,0
3200,married,0
3201,not-married,0
3202,married,0
3203,married,0
3204,not-married,1
3205,married,0
3206,married,0
3207,not-married,0
3208,not-married,1
3209,married,0
3210,not-married,1
3211,married,0
3212,not-married,0
3213,not-married,0
3214,not-married,0
3215,married,0
3216,not-married,0
3217,married,0
3218,married,0
3219,married,0
3220,not-married,1
3221,not-married,0
3222,married,0
3223,not-married,0
3224,not-married,1
3225,not-married,1
3226,not-married,1
3227,married,0
3228,not-married,1
3229,not-married,1
3230,married,0
3231,not-married,0
3232,not-married,0
3233,married,0
3234,married,0
3235,married,1
3236,not-married,1
3237,not-married,0
3238,married,0
3239,married,0
3240,not-married,1
3241,not-married,1
3242,not-married,0
3243,married,0
3244,not-married,0
3245,married,0
3246,married,1
3247,not-married,0
3248,married,1
3249,not-married,0
3250,married,0
3251,not-married,1
3252,not-married,1
3253,not-married,0
3254,married,0
3255,married,0
3256,married,0
3257,married,1
3258,not-married,0
3259,married,0
3260,not-married,0
3261,not-married,0
3262,married,0
3263,not-married,0
3264,married,0
3265,not-married,1
3266,married,1
3267,not-married,0
3268,married,1
3269,married,0
3270,married,0
3271,not-married,1
3272,not-married,0
3273,not-married,1
3274,not-married,1
3275,not-married,1
3276,not-married,0
3277,not-married,1
3278,married,0
3279,not-married,0
3280,married,0
3281,not-married,0
3282,married,1
3283,married,0
3284,married,1
3285,not-married,0
3286,not-married,1
3287,married,0
3288,not-married,0
3289,not-married,0
3290,not-married,1
3291,married,0
3292,married,1
3293,married,0
3294,married,0
3295,married,0
3296,married,0
3297,married,0
3298,not-married,0
3299,married,0
3300,married,1
3301,married,0
3302,married,0
3303,married,0
3304,not-married,1
3305,not-married,0
3306,married,0
3307,married,1
3308,married,1
3309,married,0
3310,married,0
3311,married,0
3312,married,0
3313,married,0
3314,not-married,1
3315,married,0
3316,not-married,0
3317,married,0
3318,married,0
3319,married,0
3320,married,0
3321,married,1
3322,not-married,0
3323,not-married,0
3324,not-married,1
3325,married,1
3326,married,0
3327,married,0
3328,not-married,1
3329,not-married,0
3330,not-married,0
3331,not-married,0
3332,not-married,0
3333,not-married,0
3334,not-married,0
3335,married,1
3336,married,0
3337,not-married,0
3338,married,0
3339,married,1
3340,married,0
3341,not-married,0
3342,not-married,0
3343,not-married,0
3344,not-married,0
3345,married,0
3346,married,0
3347,married,1
3348,not-married,1
3349,not-married,1
3350,not-married,0
3351,not-married,0
3352,not-married,1
3353,not-married,1
3354,not-married,0
3355,not-married,0
3356,married,0
3357,married,0
3358,not-married,1
3359,not-married,1
3360,married,0
3361,married,0
3362,not-married,0
3363,married,0
3364,married,0
3365,not-married,0
3366,married,0
3367,not-married,1
3368,not-married,0
3369,married,1
3370,not-married,0
3371,married,1
3372,married,0
3373,not-married,0
3374,not-married,0
3375,married,0
3376,not-married,1
3377,not-married,0
3378,not-married,0
3379,not-married,0
3380,married,0
3381,married,0
3382,married,1
3383,not-married,0
3384,married,0
3385,not-married,1
3386,married,1
3387,married,0
3388,not-married,0
3389,married,1
3390,married,1
3391,married,0
3392,married,0
3393,married,0
3394,not-married,0
3395,not-married,0
3396,not-married,1
3397,not-married,0
3398,married,0
3399,married,0
3400,married,0
3401,not-married,1
3402,married,0
3403,married,0
3404,married,0
3405,married,0
3406,married,0
3407,married,1
3408,married,1
3409,married,1
3410,married,0
3411,married,1
3412,married,1
3413,married,1
3414,married,1
3415,married,0
3416,married,0
3417,married,1
3418,not-married,0
3419,married,0
3420,not-married,1
3421,not-married,1
3422,not-married,0
3423,not-married,1
3424,married,1
3425,not-married,1
3426,not-married,0
3427,not-married,0
3428,not-married,1
3429,not-married,1
3430,married,0
3431,not-married,0
3432,married,1
3433,married,1
3434,not-married,1
3435,married,0
3436,married,1
3437,not-married,1
3438,married,1
3439,married,0
3440,married,0
3441,not-married,1
3442,married,0
3443,not-married,0
3444,married,0
3445,married,1
3446,married,0
3447,not-married,0
3448,married,0
3449,not-married,1
3450,married,1
3451,not-married,1
3452,not-married,0
3453,married,0
3454,not-married,0
3455,not-married,0
3456,not-married,1
3457,not-married,1
3458,not-married,0
3459,married,0
3460,not-married,1
3461,married,0
3462,married,0
3463,not-married,0
3464,married,1
3465,married,1
3466,married,0
3467,married,1
3468,not-married,1
3469,not-married,1
3470,not-married,1
3471,not-married,0
3472,not-married,0
3473,not-married,0
3474,not-married,0
3475,married,0
3476,married,0
3477,married,0
3478,married,0
3479,not-married,1
3480,married,1
3481,not-married,1
3482,married,0
3483,married,1
3484,married,0
3485,married,1
3486,married,0
3487,not-married,0
3488,not-married,0
3489,married,0
3490,married,0
3491,married,0
3492,married,0
3493,not-married,0
3494,married,1
3495,married,0
3496,not-married,0
3497,not-married,1
3498,married,0
3499,married,0
3500,not-married,1
3501,not-married,0
3502,not-married,0
3503,married,1
3504,married,1
3505,not-married,1
3506,married,0
3507,married,1
3508,married,1
3509,not-married,1
3510,not-married,0
3511,not-married,1
3512,not-married,0
3513,not-married,1
3514,not-married,0
3515,not-married,1
3516,not-married,1
3517,married,1
3518,married,0
3519,married,0
3520,married,0
3521,married,0
3522,married,0
3523,married,0
3524,not-married,0
3525,not-married,1
3526,not-married,0
3527,not-married,1
3528,not-married,1
3529,married,0
3530,married,1
3531,not-married,1
3532,married,0
3533,married,1
3534,married,0
3535,married,0
3536,married,0
3537,not-married,1
3538,married,1
3539,married,0
3540,not-married,0
3541,married,0
3542,married,0
3543,married,0
3544,married,0
3545,not-married,1
3546,not-married,1
3547,not-married,0
3548,not-married,1
3549,not-married,0
3550,not-married,1
3551,not-married,0
3552,married,1
3553,married,0
3554,not-married,0
3555,married,0
3556,married,1
3557,married,0
3558,married,1
3559,married,1
3560,married,0
3561,not-married,0
3562,married,0
3563,not-married,0
3564,not-married,0
3565,not-married,1
3566,married,0
3567,married,0
3568,not-married,0
3569,married,1
3570,married,0
3571,not-married,0
3572,not-married,0
3573,married,1
3574,married,0
3575,not-married,1
3576,not-married,0
3577,married,1
3578,not-married,1
3579,married,0
3580,married,0
3581,married,1
3582,not-married,1
3583,not-married,0
3584,not-married,0
3585,married,0
3586,married,0
3587,married,0
3588,married,1
3589,married,0
3590,not-married,1
3591,not-married,1
3592,married,0
3593,not-married,0
3594,married,0
3595,not-married,1
3596,married,0
3597,not-married,0
3598,not-married,1
3599,not-married,1
3600,married,0
3601,married,1
3602,not-married,1
3603,married,1
3604,not-married,0
3605,married,1
3606,married,1
3607,not-married,1
3608,married,1
3609,married,0
3610,married,0
3611,married,1
3612,married,0
3613,married,1
3614,not-married,0
3615,not-married,0
3616,not-married,0
3617,married,0
3618,not-married,1
3619,married,0
3620,not-married,1
3621,married,0
3622,married,0
3623,married,1
3624,not-married,0
3625,married,0
3626,married,1
3627,not-married,1
3628,not-married,1
3629,married,1
3630,married,0
3631,married,1
3632,married,0
3633,married,1
3634,not-married,0
3635,not-married,1
3636,married,0
3637,married,1
3638,married,0
3639,not-married,1
3640,not-married,0
3641,not-married,1
3642,married,0
3643,married,0
3644,not-married,0
3645,married,1
3646,married,0
3647,not-married,0
3648,not-married,0
3649,married,0
3650,married,0
3651,married,0
3652,not-married,1
3653,married,1
3654,married,0
3655,married,0
3656,not-married,0
3657,not-married,1
3658,not-married,1
3659,not-married,0
3660,not-married,1
3661,not-married,0
3662,married,1
3663,not-married,0
3664,married,1
3665,married,0
3666,married,0
3667,married,0
3668,married,0
3669,not-married,1
3670,not-married,1
3671,married,0
3672,married,0
3673,married,1
3674,married,0
3675,not-married,0
3676,married,0
3677,not-married,0
3678,not-married,1
3679,married,0
3680,married,0
3681,not-married,0
3682,married,1
3683,not-married,0
3684,married,0
3685,married,0
3686,married,1
3687,not-married,0
3688,married,1
3689,not-married,1
3690,married,0
3691,married,1
3692,married,1
3693,married,0
3694,not-married,0
3695,not-married,0
3696,not-married,1
3697,married,0
3698,married,1
3699,married,1
3700,married,0
3701,married,0
3702,not-married,1
3703,married,0
3704,married,0
3705,not-married,1
3706,married,1
3707,not-married,1
3708,not-married,1
3709,not-married,1
3710,married,0
3711,not-married,1
3712,not-married,1
3713,not-married,0
3714,married,1
3715,married,0
3716,married,1
3717,not-married,0
3718,married,0
3719,not-married,1
3720,not-married,0
3721,married,1
3722,married,1
3723,married,0
3724,married,0
3725,not-married,0
3726,married,0
3727,married,0
3728,married,0
3729,married,1
3730,not-married,0
3731,not-married,0
3732,not-married,0
3733,not-married,1
3734,married,0
3735,not-married,0
3736,married,1
3737,married,1
3738,not-married,0
3739,not-married,0
3740,not-married,1
3741,not-married,0
3742,married,1
3743,not-married,0
3744,married,0
3745,married,0
3746,not-married,1
3747,not-married,1
3748,not-married,0
3749,married,0
3750,married,1
3751,not-married,1
3752,not-married,1
3753,married,0
3754,married,1
3755,not-married,0
3756,not-married,0
3757,not-married,1
3758,married,0
3759,not-married,1
3760,married,1
3761,married,1
3762,not-married,1
3763,married,0
3764,married,0
3765,married,0
3766,married,0
3767,married,0
3768,married,1
3769,not-married,1
3770,not-married,1
3771,married,0
3772,married,0
3773,married,0
3774,not-married,1
3775,not-married,0
3776,not-married,1
3777,married,1
3778,married,0
3779,not-married,0
3780,married,0
3781,married,1
3782,married,0
3783,married,0
3784,married,0
3785,not-married,1
3786,married,1
3787,not-married,1
3788,married,0
3789,married,1
3790,married,0
3791,married,0
3792,not-married,1
3793,not-married,1
3794,not-married,1
3795,married,1
3796,married,0
3797,married,0
3798,married,0
3799,not-married,1
3800,married,1
3801,not-married,0
3802,not-married,1
3803,married,0
3804,married,0
3805,married,0
3806,not-married,0
3807,married,1
3808,not-married,0
3809,married,1
3810,married,1
3811,married,0
3812,married,0
3813,married,0
3814,married,1
3815,married,0
3816,married,0
3817,married,0
3818,married,1
3819,married,1
3820,married,0
3821,not-married,0
3822,not-married,0
3823,not-married,1
3824,married,0
3825,married,0
3826,married,0
3827,not-married,0
3828,not-married,0
3829,not-married,0
3830,not-married,1
3831,married,0
3832,married,0
3833,not-married,0
3834,married,0
3835,married,0
3836,married,0
3837,married,0
3838,not-married,1
3839,married,0
3840,married,0
3841,married,1
3842,married,1
3843,not-married,0
3844,married,0
3845,married,0
3846,married,0
3847,married,0
3848,married,1
3849,married,0
3850,not-married,0
3851,married,1
3852,married,1
3853,not-married,0
3854,married,0
3855,married,0
3856,married,0
3857,married,0
3858,married,0
3859,not-married,0
3860,married,0
3861,not-married,1
3862,not-married,1
3863,married,0
3864,not-married,1
3865,not-married,1
3866,not-married,0
3867,married,1
3868,married,0
3869,married,0
3870,married,1
3871,not-married,0
3872,not-married,1
3873,married,0
3874,not-married,1
3875,not-married,0
3876,married,0
3877,married,1
3878,married,1
3879,married,0
3880,married,0
3881,not-married,0
3882,not-married,1
3883,married,1
3884,married,1
3885,married,0
3886,married,0
3887,married,0
3888,not-married,1
3889,not-married,1
3890,not-married,1
3891,married,1
3892,not-married,0
3893,married,1
3894,married,1
3895,married,1
3896,married,1
3897,not-married,0
3898,married,1
3899,married,0
3900,married,1
3901,not-married,0
3902,married,0
3903,not-married,0
3904,married,0
3905,not-married,0
3906,married,0
3907,married,0
3908,not-married,1
3909,not-married,0
3910,not-married,0
3911,not-married,1
3912,married,1
3913,not-married,1
3914,married,0
3915,not-married,0
3916,not-married,1
3917,married,0
3918,married,0
3919,married,0
3920,married,1
3921,married,0
3922,not-married,0
3923,not-married,1
3924,not-married,0
3925,not-married,1
3926,not-married,0
3927,married,1
3928,married,0
3929,not-married,1
3930,married,0
3931,not-married,1
3932,not-married,1
3933,not-married,0
3934,married,0
3935,not-married,0
3936,married,0
3937,married,0
3938,married,1
3939,not-married,0
3940,married,0
3941,not-married,1
3942,not-married,0
3943,married,1
3944,married,0
3945,married,1
3946,not-married,0
3947,married,1
3948,married,1
3949,married,0
3950,not-married,1
3951,married,0
3952,married,0
3953,married,0
3954,married,1
3955,not-married,0
3956,not-married,0
3957,married,0
3958,married,1
3959,married,1
3960,married,0
3961,not-married,1
3962,married,0
3963,married,0
3964,not-married,1
3965,not-married,0
3966,married,1
3967,married,1
3968,married,0
3969,married,0
3970,not-married,0
3971,married,1
3972,not-married,0
3973,not-married,0
3974,not-married,0
3975,not-married,1
3976,not-married,0
3977,married,0
3978,married,0
3979,not-married,1
3980,married,0
3981,not-married,0
3982,not-married,0
3983,married,0
3984,not-married,0
3985,not-married,0
3986,married,0
3987,not-married,1
3988,married,1
3989,not-married,0
3990,married,0
3991,not-married,0
3992,not-married,0
3993,married,1
3994,not-married,0
3995,married,0
3996,not-married,1
3997,not-married,0
3998,not-married,0
3999,not-married,0
4000,married,0
